loss,acc,val_loss,val_acc
1.1081539356869772,0.5691567546415427,1.1213472759259087,0.5423123286755781
0.9989531007224303,0.6266275413458138,1.056450909570117,0.6508906855192055
0.9722043111794634,0.6416939593726612,1.008863681815819,0.6402244947158735
0.939043673874145,0.6636705500096493,0.9816157922011008,0.6693576214043742
0.9044368335628216,0.6779584034686419,1.019249236167028,0.6393184953409323
0.9050194959141123,0.6847407475330474,0.9474289092781938,0.6943085836486015
0.8926701019036015,0.6924467581339704,0.9626092198336637,0.6738107149656539
0.869671238862448,0.7038317362746567,0.9797827243421776,0.7222291309943089
0.8472665040803048,0.7106097972942811,0.9343436886958685,0.6789246584279193
0.8327895870677468,0.7199750614462276,0.9658945170019755,0.7337900084636654
0.8139149466878969,0.7374832181771391,0.9211610025936171,0.7207790616518411
0.8261521792210648,0.7288159594877229,0.9501847214083827,0.6768434379704599
0.8098997206944641,0.7346807844363886,0.9201531659747377,0.710895998892711
0.7860862415079868,0.7487856255024131,0.9442922690634078,0.7174119357641617
0.782800569062701,0.742626613661977,0.9126136693527249,0.7201809218096927
0.7604440865035164,0.7611460535606466,1.0008361430568549,0.7361736464576931
0.7653525082465075,0.7571184910982235,0.9277735462912885,0.7251998874664684
0.7476791797096796,0.7709184246990699,0.9661089892893155,0.6851614589067963
0.7397530021334774,0.7739325332694512,0.9752966726865573,0.691491838094794
0.7312741094090875,0.7787554396154724,0.9200450627858402,0.7185297937007123
0.7152447082342769,0.7780737893716786,0.9314473587952258,0.736485738371062
0.730102662167205,0.776665355484571,0.9298299799582335,0.7240349959402226
0.7039300634133955,0.7910985227878052,0.8845695398475522,0.7379616083445174
0.6918747292651187,0.795154570153745,0.9097614432013432,0.722019310474934
0.6801147994401865,0.7955142786758647,0.9603408050374268,0.7292928021916374
0.6776256328592087,0.7965157235550385,0.9106029825020909,0.7339072755897524
0.6640630944340012,0.8041868103701931,0.917924308642751,0.7477885744171316
0.6552081103623113,0.8092524426118152,0.9544987285553859,0.7237466267360106
0.6625508256620778,0.8073277830176973,1.1329060176521384,0.7016181481607602
0.6700849078961831,0.8004597287597852,0.9344842326645872,0.7219570219287997
0.6390292077190955,0.8099711711092822,1.0455963516053353,0.6944856338654362
0.6252807606586861,0.8192535522262361,0.9048490106652376,0.7474113823146005
0.6204391678397844,0.8251120983941146,0.9319258317644695,0.7433469801970956
0.5961354925033158,0.8312544958992064,0.9567976189742082,0.7126823858639317
0.6072489246636233,0.8359262870843156,1.3921940421521688,0.6968038418009231
0.6504885057967494,0.813685682548915,1.1783386671001914,0.6798785841080485
0.6262778300780504,0.8269612946563525,1.0331874818100706,0.7271266957429218
0.5945366721156772,0.826346058521474,0.9651793285084805,0.7129884866706295
0.5902354785863441,0.8356656932408053,0.9393256875394865,0.7256945589793591
0.5727189864533739,0.8392984042190119,0.967965017317193,0.7229174906618719
0.590981384078486,0.8345454037037427,1.0361658688193107,0.7238552837570997
0.5820601746006888,0.8370265752164316,1.0560622291423174,0.7075352597083712
0.565906975815953,0.8373095659347218,1.6429389943651236,0.632073029405753
0.5697299364549625,0.8456908950150919,1.0217218565241597,0.7213723330014871
0.5439031313936666,0.8511536643607176,1.2661151438173208,0.7022573891121933
0.557997159606979,0.8426201654339374,1.0555176579985766,0.7180662559304516
0.5652082635485632,0.842977445527931,0.9919663538842759,0.728801381481691
0.5587345463166008,0.8476535358233299,1.0624181375584003,0.7390917916724002
0.5159491240235877,0.8552351293469227,1.346652657547932,0.6962686270946634
0.5268664252603167,0.8547530176221152,1.0245393248818973,0.7170721832950608
0.5209460911365084,0.8572892280140438,1.195609210341175,0.7117126656853645
0.48579421136949824,0.8719227666490383,1.114200632416038,0.7152734635323357
0.5238886348363369,0.8534928903674439,1.129345587526952,0.7323006681309139
0.5097003541502653,0.8612542091735728,1.102174890716663,0.7186375186961855
0.48717251448358606,0.8689916351286763,1.1423960681802636,0.7102294672438456
0.4876973523230889,0.8712011664888529,1.176017229793636,0.7278685957343802
0.49399517448819813,0.864735469571584,1.0620496441150296,0.7233852535763117
0.46844593141873037,0.8802318592040147,1.2029419896975249,0.7187327873434451
0.4616125226060725,0.8781562864406856,1.509579555295758,0.694114476858066
0.45993966300819267,0.8797353097365856,1.1559540801567454,0.7327948552627075
0.42007810496032294,0.8877937224823941,1.0730149215031168,0.7238801025828652
0.4194715333875761,0.8913382956191267,1.2190085924883451,0.7177236661719355
0.44232745769353726,0.8816039933627944,1.3480052208028772,0.7068000781173606
0.473629311040429,0.8746287537984944,1.447189565162766,0.672852263759736
0.501041880968793,0.8683822631591626,1.3226370608389928,0.7082287146742402
0.45966706797829815,0.8778236968649291,1.7007593150692515,0.6663530330692432
0.41403861809434606,0.8905059302888017,1.3507864343061557,0.6987985214709694
0.4139467582567574,0.8888784469921076,1.3401820641916504,0.7023749745520195
0.3983224720756612,0.8950118870533809,1.2877862819374302,0.7095974719586462
0.3805361695401046,0.9038935184640898,1.463298842628206,0.7069204426755815
0.3834199746385929,0.9027118809231706,1.3369947060278113,0.7141882865614786
0.3719113570979374,0.9030274224192579,1.5659534704163163,0.6935745039905883
0.35708162350971984,0.909785138028122,1.559220449950332,0.6753265408412145
0.3569925114007556,0.914258035314594,1.3655571925587422,0.7191163898319636
0.35183356721285947,0.9070967328703357,1.7718215038997671,0.6807303883180208
0.3373132231517443,0.9158810640659721,1.441812964077693,0.6963849714655652
0.3371441539422374,0.9166160792089386,1.8732425172245613,0.6757369459179482
0.35276819862354486,0.9149018478246269,1.2663691435630373,0.7315964432386749
0.3545082571101952,0.9101088846482791,2.191433507402818,0.6356208916057591
0.4119873371240172,0.8940271110125213,1.5076969309282284,0.6769567940292402
0.36675179913466405,0.906503131784535,1.4261083002308852,0.7300885341046918
0.3318975679770968,0.9173379740820133,2.0448265268698234,0.6697006961359637
0.3213857853047034,0.9201909858082786,1.634216734375423,0.6983317743215297
0.29805994776975714,0.9249693040494267,1.5046819596943868,0.7002820465937664
0.28950226207933416,0.9303525911080925,1.3468353010268037,0.7169403900799988
0.3193121261947586,0.9215965206544688,2.254866766517734,0.647445652868134
0.32870057845460504,0.9160105795866362,1.7485075691417789,0.6989694416281094
0.3279119381643418,0.9197720960870649,1.419288740909066,0.6993814733520931
0.3426115742262323,0.9161845308454313,1.8019203192357225,0.6765808801160339
0.3431834086558259,0.9152544944609569,2.675625102019013,0.6241954124108164
0.3362600022496126,0.9163270499400248,1.7236837914019716,0.6865326031126274
0.33731238525428175,0.9139313127683382,1.29630934856847,0.7316232168261724
0.34484683713377184,0.9125624851898325,1.8929716846750366,0.6863205805685688
0.33849762834920866,0.9111116084831059,1.7661948927246744,0.7003445008997999
0.2969019643366696,0.9276801381798324,1.7850755435388794,0.6850408538449683
0.2963275695535191,0.9240383283750065,2.6067097356588596,0.6520743965525708
0.2913142200516971,0.9256835590006575,1.8507934689952839,0.6937831452207565
0.2930873925465249,0.9273734591914352,1.5374732284289183,0.7088856953431779
0.3248810864874233,0.9212172713759115,2.254294615569676,0.655738642588639
0.32622784661116394,0.9180467890892257,1.9468273299915717,0.6890481850144505
0.3223647648939825,0.912968733512795,1.4075883621190532,0.7255388564057794
0.3015048604134784,0.9194552100289176,1.6446611760562087,0.7041971795538353
0.2766022683666687,0.931050291936359,2.170741805401898,0.6799860424192348
0.2549281561867179,0.9382936552178429,1.9742061590372486,0.6944726571525915
0.24698095858791547,0.9387060694478335,1.8912035206227285,0.6867692159001251
0.2358696285569877,0.9442750676183055,1.910914050043228,0.6989329696358585
0.252443328118634,0.9348992853925464,2.2274886238953346,0.6613925413996021
0.2341365332231155,0.9406665292146501,2.2323721352711696,0.6810421610515861
0.22694357205494126,0.9436407062329437,2.142413102320851,0.6698866994763903
0.22391288239696952,0.9400278867384859,1.9313361824349067,0.6899555237174315
0.22400525481095512,0.9453050810321635,2.1795701965264596,0.6946283142414993
0.2533044729512013,0.93231302712835,1.9799918647557677,0.6831127705729322
0.2703972930080906,0.9354838452221959,1.6658007948692661,0.7102761568264234
0.24597782731950243,0.9362024881151232,1.9795675137379218,0.7012397863734119
0.2119544161975312,0.9495459875417613,2.491509665538624,0.6485797419622358
0.20858630675483744,0.9483613928326518,2.9212301583019977,0.6324702712626914
0.20767693244518487,0.9454630643112693,2.239207158466092,0.6818246554059386
0.23371802010585047,0.9455043213585458,2.862528040400467,0.6397873886682556
0.2493189008931678,0.9342122924610146,2.4237634976641056,0.6428809771319017
0.23498985218813384,0.9417870206070937,2.5039724984672858,0.6726050811848757
0.2167233646442824,0.9437178327146715,2.2413539197752397,0.6832275479116993
0.22127084642173744,0.9440546697861721,2.4502893681984057,0.6755825096722297
0.20981994621306996,0.9493588289294536,2.573011605027882,0.6520364799314275
0.22398029490696691,0.9445857637660469,2.648021592438676,0.674420113313691
0.20296603533834343,0.9493956359460924,2.402990628265865,0.6807667628334485
0.21016116246523206,0.9462020095231741,1.9953607984123674,0.6907590893795837
0.20448602305943986,0.9485921532551119,2.867755181342064,0.6513340099650352
0.19416213015427913,0.9549914560269489,2.619421103145282,0.6627550908837861
0.19657353030496993,0.950731109892228,2.3946388892353467,0.6622064719755723
0.20645278930121258,0.9495283540820723,1.9894461753905754,0.6867660264296471
0.1835796660518525,0.9546708855926104,2.5680758357287505,0.6563200817917565
0.1809374922862793,0.9561915331860619,3.411336357787988,0.5998505420075932
0.21025857520946398,0.947660490592108,2.250603661186583,0.6800907522895987
0.26894094671161517,0.9384055906706652,1.907332577155555,0.6985450122065641
0.2696979062591066,0.9353344938987033,2.3432147164764343,0.6778687865847602
0.22351401170222526,0.9405351769218709,2.9749011263496765,0.658207428028396
0.2380302066590327,0.9441881353971157,1.9241018887263506,0.697171038957111
0.2147952974744633,0.9464914938434842,3.0294046550450338,0.6377744968004225
0.21008398277789567,0.9497837083818471,1.9547928752742076,0.7059370619405274
0.20385213948819186,0.9467871308474878,2.7887802709293634,0.6656268595011243
0.21856361264778265,0.9393252784918575,2.62900192740453,0.652034674172441
0.18782214433437724,0.9524162371905728,2.469107199309101,0.6731528050225358
0.16610177357592415,0.9563562644196634,2.824858954940373,0.6624992724657439
0.1678751129988799,0.9598577831800664,2.2794932815721114,0.6825932955446502
0.18774992324939707,0.9493015855023046,2.5824340671456545,0.6825421888496542
0.18179374884150984,0.9534118679894764,2.3517944452608384,0.6806758880533086
0.184041240032664,0.9519454237621875,2.9883951322770876,0.6540991338485858
0.16854159901567423,0.9605968531760614,3.1767133609891274,0.6576887242917773
0.1710732238921229,0.9584922253215178,2.605227211767912,0.6798557586158432
0.16398608776736615,0.9608847828499,2.7037189278845903,0.660400119304154
0.1626107601579356,0.956857761139924,2.3223047367584853,0.6834847803655495
0.1775031537276539,0.9549016787420962,3.0079860639361407,0.6519186864887101
0.17450502324658287,0.9585479387444068,3.034846443687399,0.661184174095051
0.1669822106826604,0.9576469066442297,2.7259170701581343,0.6713565184222007
0.15220066438649446,0.9607194218444314,2.7748323241693997,0.660100027785381
0.15437791357322025,0.965131589508005,2.056390264274701,0.6970233029300956
0.15646551658993219,0.9619587863679393,3.5963993829242096,0.6348541862110915
0.16825225219495712,0.9547846062693922,2.688875495788801,0.6750304563761128
0.18247047286404333,0.9574174871184631,2.9748671891077207,0.6429360347854944
0.20238511062967932,0.9485487993258316,2.2901040421474788,0.6927003156968621
0.2054143652381772,0.9506316115016133,4.037917471066112,0.6257725255277031
0.20731236900696717,0.9495040096643516,2.566703803091942,0.6799515285903496
0.2151553223306944,0.9485971117998191,2.834443789306248,0.665041547353325
0.17770674076563417,0.9528506699721504,2.5079440216119626,0.6898092090959597
0.19783325161866208,0.9496616495837648,1.9912983165203015,0.6895508258398806
0.22220453961604056,0.9421396128915399,2.057790380254142,0.6969244744561621
0.20561771619642405,0.9468478789283888,3.376853353098819,0.6322416073053444
0.1590606289143318,0.9580865394846306,3.3899672249801287,0.6326526043752625
0.1443787987941525,0.9631875041908485,3.415237905893904,0.623642172993044
0.14068690538446285,0.9657990341997273,2.792681500537178,0.6667407664993587
0.11999767351093837,0.9693480280946346,3.4081691087321997,0.6427695270189027
0.11642929633027406,0.972175165756677,3.3115216777620664,0.6339404101543502
0.10637058729852908,0.9744757588927568,2.4828387627691666,0.6762816416437718
0.12557976685231895,0.9718267139640361,3.1350073129501435,0.6454083132926718
0.12063450888906822,0.9713980158471595,3.521071314572234,0.642910006886139
0.1252657115555231,0.969726728666259,2.3768409881882997,0.6876206649875544
0.12834536541940314,0.9693833705242095,3.819370993652129,0.6248356269678497
0.12567493884167039,0.9681933063305884,2.6226248224847715,0.6714555754110014
0.14595839615102527,0.9636633063050212,3.1227914645232175,0.6622028088590368
0.13452258449458399,0.9666604359396247,3.3638080591751227,0.652134477145887
0.13847433543674628,0.9648965827061726,3.359522171890271,0.6591018961753873
0.12855370618723252,0.9710904038265603,2.6171082866962965,0.6685090964365684
0.13588813560721352,0.9659280224147019,2.731546962055254,0.6602386377836473
0.12828041227751186,0.9679534502563,3.6534219735499223,0.6474917709284883
0.19710268318309862,0.9531698420141181,3.9900954026398097,0.6043042246144734
0.17982331667860238,0.9570341650823012,2.644000613770843,0.6643850390838498
0.17340352996990227,0.956151661924014,4.332214610554598,0.6206882574858872
0.17187601715841175,0.9591338170678397,3.798971333911784,0.6357944484551532
0.17393053565795472,0.956572342743191,2.480111422429558,0.678092489203451
0.1437270165036541,0.9651363680481871,2.9138341042927443,0.6495419013472533
0.1344971064704161,0.9685840106796362,3.523081921630712,0.6476644467100303
0.13027448882950635,0.9667291423264872,3.546968816513515,0.638827689168603
0.11522209564393761,0.9698399368631366,2.627077214542571,0.6797363116618708
0.1069028696110885,0.9755574555569951,3.597518865915607,0.64785587773436
0.10507043307287652,0.97149709411286,3.4639133445322874,0.6410383758291415
0.1311919725757854,0.9671024691277695,2.784063437321235,0.6723355876694127
0.19743248011287762,0.9513055256573845,3.8244512769868453,0.6281261306085647
0.20100226491645778,0.9525414349714778,3.008500989731558,0.6653704394255006
0.20450310645747474,0.9501563757251296,2.38407296490698,0.6881982663542393
0.22244257998862418,0.9405449280343292,3.666781409862483,0.6414541750044942
0.17429267024880546,0.9558356991853408,2.728755563844778,0.6725619867628819
0.16008660113043585,0.9593479866004381,3.2726188523072994,0.657164600150135
0.14468249547700254,0.9647039942722364,2.671253677255516,0.677930734907054
0.13705457179433325,0.965193632308235,4.042241855048903,0.5990999422673999
0.12523643472906063,0.9685999890118487,2.4506536719788503,0.6987280506476048
0.1187135384037534,0.9708497347620978,3.574200842551986,0.6334612867107751
0.10435976057314754,0.9746625576044552,3.528714524832726,0.6437923085445425
0.0998270984674707,0.9774701738371654,3.5698676529827247,0.6459559569583494
0.09837339483316251,0.9769241061333434,3.3791968483386534,0.6478231175142638
0.09695898606281643,0.9770150573037578,3.428114756947782,0.6432061542031088
0.09987979458807877,0.9741009191870043,4.066750647218029,0.620679080411004
0.10312849632448759,0.9760589990514035,3.7543344496722777,0.6390581578660857
0.08926016481841953,0.9763183746837526,3.754380096916024,0.6361560438190864
0.09245793936190172,0.9804551418766089,3.1677503785056347,0.6671690100339522
0.09955189283276172,0.9752544363276227,4.233269900861827,0.616822621864993
0.1019539957354949,0.9739289828039198,3.509245371330019,0.6680244160981744
0.09357803886364914,0.9784077439103954,3.1520150864924137,0.6598817954265022
0.09818601529849202,0.9752272427113888,3.8768712791298805,0.6531126071172406
0.09307256428986584,0.976849451022739,3.834778801893891,0.6304830937277962
0.1165707314920039,0.9697209668536028,4.352396881594721,0.6323534995160802
0.1165768360429473,0.9709342840197048,3.0874091211980295,0.6536343402588888
0.11234630220655106,0.9735468224633821,2.878416795719096,0.6649977414785864
0.09655742158057365,0.9769970650410612,3.097365825709783,0.6725606854815528
0.09002318009444792,0.9769051301599978,4.141093161844642,0.6337483434202882
0.08949243003614492,0.9783284996451059,3.6906571846115583,0.6484871457361537
0.09651871794866912,0.9754954167955221,3.898907765081581,0.6377752076253703
0.12754806089416412,0.9668684336452787,3.86526455252752,0.6273485770900905
0.13427569109807297,0.967726070328963,3.491179832352745,0.6503949043928291
0.12078095252724302,0.9700431258744507,5.396327736005097,0.5789950377257452
0.15398846417206494,0.9618989821349229,2.987605268383371,0.6864046896412018
0.14716472068719952,0.9664275777670639,2.824661646659425,0.6756426259102164
0.17850662246635837,0.9581489593916136,5.053379703688784,0.5942932896609925
0.1451017402498633,0.9624234293397762,3.2866920696870063,0.6670716007576613
0.14569669862648116,0.9657871405706673,3.4817628156425195,0.6457664492576423
0.1572814381324544,0.9635766507055529,2.792724543472235,0.6856030806886068
0.14518784855254063,0.9637825031028213,4.112006263495354,0.6252838359084582
0.1413597372045347,0.9628625551516895,3.018355382595162,0.6609132961802789
0.14018088663791387,0.963802396240582,4.146979359270052,0.6086417628189842
0.12163611816461105,0.969857392989443,3.2043423499386683,0.6603215748475874
0.1039925750544053,0.9740146342827007,4.2810948301195,0.6185207669210566
0.09005626840326095,0.9765817360520681,3.7226326409091235,0.6346842654724884
0.11057820969657979,0.9717724504328062,4.393588611618876,0.621818398768026
0.10845341772595386,0.9727510391818949,3.338347857809776,0.6654243011747586
0.09655951718533232,0.9770387691076351,3.0472905392529928,0.6728883080029848
0.09797644677735468,0.9749430264357563,4.295962543265318,0.6264645059620663
0.08401790663282667,0.9793217558597799,4.59278387561674,0.6268296279740123
0.07476597244087849,0.9818974179718907,3.5563844693813422,0.6519048125526151
0.11346354944504487,0.9719684879344194,3.6216517906679404,0.6504202852124632
0.14142151745476525,0.9672838767061144,3.092935324768888,0.6608348559778451
0.12009935376653554,0.969978217613025,4.0007365881175385,0.6267609921087303
0.11578668171228838,0.9713783228736115,4.623051827861008,0.6288875108455837
0.09514026163120705,0.9757019753588084,3.869340321202506,0.6368016116280423
0.10352410660545015,0.9735607664671576,3.9706761581249244,0.6211176007197732
0.1315931997094685,0.9662712832046277,3.4652729235580524,0.6627710987751145
0.11129026304223506,0.971796992684498,3.177112697070265,0.6583959488738305
0.11703733707330019,0.9733452171755302,4.562454909098201,0.6000384162991781
0.10241527914665655,0.9747282464173486,3.43069717519108,0.6501414888965888
0.11936504764898212,0.9733361411995981,3.6006470828134884,0.6559097934458914
0.09947057068148371,0.976867550335016,3.9838562609441506,0.6365870072765235
0.08259378622973382,0.9784370786039941,3.64097651327983,0.6392498002130131
0.0733054669802649,0.9815869600867803,3.4404396129545316,0.6478754000242066
0.07949082538519452,0.9809702136185469,4.684735312141918,0.6047430868498874
0.07508523842249751,0.9804237148562849,3.7189495182267245,0.6642487846013109
0.06710006622217164,0.9842905111976027,3.951025586858146,0.6490670478817784
0.07433733985863712,0.980857501389126,3.2125906864770113,0.6828333524082909
0.073901481084796,0.9799088716605724,4.841740167969535,0.6049150070856316
0.0857639877639239,0.9786388044719201,3.3546358816783655,0.6567040535301194
0.08382034851446422,0.9789676993237765,4.198639260376731,0.6148377114184848
0.09568396471695231,0.9764852273591785,4.545986655247935,0.6199362627139217
0.08201418111099047,0.9796589722682595,3.690216709878752,0.6549944736512507
0.10360986786593039,0.9748207430584674,3.7116669272265312,0.6576502717176153
0.08732459744136943,0.9793379798321938,3.3061046728698926,0.6741938458887338
0.08240336551713516,0.9802234820503002,4.186034671845518,0.6291697064227002
0.13439587652244225,0.9671901609223287,3.826477013232,0.6660676858177186
0.17753813856294934,0.9553880002819409,5.312932732307369,0.6155662262604253
0.16781968455170473,0.9594406448682788,4.22082370761505,0.6247472086646195
0.14303985317600001,0.9629494450246001,3.7106823801467486,0.6599706123655505
0.13250532003751445,0.9647244650337201,3.4443430284651084,0.662660441085714
0.10069509599623758,0.9737192665793218,3.7922521981430513,0.6514951689425886
0.08956579045828238,0.979129135310519,3.9189153906330616,0.6432999441709211
0.08808821981549024,0.977433201832453,3.3276811318495225,0.6587291566336648
0.07662553495853576,0.9813441472345934,4.444612204477748,0.6093976014962912
0.07131184114050207,0.9805816804129454,3.6263494099800537,0.6444087798760153
0.07325529664639123,0.9795100711829698,4.044266928722218,0.6286341439999245
0.08898022187966267,0.978674984885849,4.219855855295772,0.6289004774943694
0.08169193508272368,0.9795938226412699,4.931892964963503,0.6175907706219331
0.07095768593188843,0.9821902281527058,4.296179215177181,0.64174010363169
0.0716495649307643,0.9819692516794507,3.912658868711509,0.6397891623758519
0.06266598790351192,0.9854484653750799,4.460328948885717,0.6291689058828773
0.06228315160307074,0.9856973437184684,3.475428250095556,0.669105143752006
0.05715521391831888,0.9864199343310339,3.6009680701815587,0.6502102301154631
0.05015523458261143,0.9885463255356783,4.471111948014072,0.6240932556314268
0.049034782851598055,0.9882106378672934,4.144238783203009,0.6371682281266593
0.045839742062536284,0.9892213701356694,3.99551011961404,0.6383316125715558
0.04794869435125683,0.9877878389523027,4.961323121600766,0.6183764895345185
0.05112927655378977,0.9867153069199844,3.7294198330648936,0.6564037360831798
0.056949814492433734,0.985764833076967,4.2473833217061445,0.6359555038122376
0.05138163533631986,0.9875141922254724,4.6343412380134215,0.6167010023545051
0.045606379880772804,0.9902243448497726,3.982777146557432,0.649322600979126
0.04560819098500661,0.988214386403222,4.826916253820582,0.6149907036272401
0.04706738688759141,0.9880953331257357,4.495022558217644,0.6382503509038764
0.05289257885729818,0.9872733025258517,4.251406886865931,0.6417791089009132
0.055106732661551354,0.9859914668804585,5.447072726456982,0.6038947359639819
0.06353183299127442,0.9846265850914129,4.678465951442144,0.6180393705858667
0.08024113445783597,0.9798883303256886,3.5755508034140195,0.6555337290827787
0.1308053788014711,0.971961275030397,3.459815845186809,0.6849758517006324
0.20150216584929154,0.9554229910558404,3.657121394139401,0.6702311895393012
0.2642415125749669,0.9440479275036292,3.9417957532544747,0.6446921858440594
0.26707349669523023,0.9444529361833606,4.876506878794221,0.6007144146701486
0.3004753570173006,0.9326015869065846,3.785786216351918,0.6372144622039778
0.22210325831723243,0.9410569850803175,3.326355107676413,0.6641283573469229
0.15353014254579586,0.9590309697862013,3.6474733344998023,0.6719146841414468
0.12756815589630127,0.9663332592812596,3.051297834284481,0.6750480066631963
0.10998947435678912,0.9733659933219,3.7457613363568685,0.6494404900506325
0.1137437056198774,0.9699637951591118,3.300532075093424,0.6673999747187704
0.08507705116062035,0.9782438576321205,4.428198327401308,0.6166070919305718
0.06878578633337402,0.9831345727603481,3.8921341656584874,0.6264735955725881
0.05698660797537674,0.9856826782367911,3.8461674819178446,0.6513454428746716
0.06117750147715045,0.9843540493156163,3.101726266647161,0.6745000680105601
0.0630134694349084,0.9837449813579561,4.441442005315331,0.6264950808121202
0.052984337607161404,0.9866260915896957,4.150365767683931,0.6386872919059264
0.04691771288591088,0.9887975631221125,4.754016713092201,0.6169433305630033
0.05268319785491169,0.9864633594472408,3.431798250045868,0.656827879898837
0.06688457104105922,0.9831596354478522,4.369440708930544,0.6476713063230108
0.06105151543952749,0.9871565059750226,4.165042447105092,0.649191364172708
0.053291896315476366,0.986192933434556,4.07666391730548,0.6269244887263485
0.05011051998951276,0.9886739931419389,4.202234504595489,0.626063209916416
0.047906328511035344,0.9898516346228701,3.7515506755879433,0.6521349114483497
0.046217403094604405,0.9900004931042485,4.813088896764048,0.6207599117769882
0.059296540877051794,0.9849952171459264,3.5980674883312562,0.6655069890429389
0.08935897707045118,0.9797971691382973,4.631892897221591,0.6211177918712197
0.08351314502183382,0.9784500041315727,5.599814441224186,0.5991524479875442
0.0796186369801998,0.9811442961820961,4.794921952397433,0.6158806428379038
0.1648545210398519,0.9577267178013339,3.8918926741713835,0.653179298790522
0.14845199360535521,0.9689366410293647,3.6848675297560485,0.6407898452066543
0.12882852037160994,0.9713134752598415,3.8938271255079355,0.6343079015313502
0.09880614854037179,0.9759410480359356,3.3744237845372176,0.6813948452972797
0.10580264213786189,0.9746031665146389,4.407308382507116,0.6247209243575191
0.13259925973555864,0.9712761488166989,4.710298920022574,0.6153682277882749
0.11253615667602217,0.9711603222259015,3.7462525251832246,0.6690386532663227
0.08921733521822069,0.9777145724864962,4.044309716763004,0.6463186447009778
0.08872598310770624,0.97808400414688,3.1764552433263735,0.6654440301513971
0.08457333874044703,0.9792460811293106,4.239610209911403,0.6317365994194252
0.06773758674040686,0.9835911153233977,4.159018100050378,0.6299904684503425
0.051114480734446195,0.9879410546226187,4.5765856673507725,0.6251505899499707
0.07323235103086453,0.9819047986950455,3.587098526925914,0.6620546434087305
0.07774917856786757,0.981054808420563,5.385762354320865,0.6079636254914281
0.06277320044619325,0.9834897543694567,3.8791444985537993,0.6562531264484658
0.054053036680386954,0.9867143285198643,5.238162523869675,0.616171526099083
0.046908843577371094,0.9894690820471288,4.8357420331649195,0.6229813293544111
0.04071372318316914,0.9903008427564103,4.251010129422057,0.6413309628335331
0.03903635578247235,0.9911154383759453,4.756789760543621,0.6164572852277771
0.044311353542410545,0.9892712521743603,5.046519122577758,0.6263998143776253
0.04775050058970893,0.9890965703980718,4.976561091328395,0.6363635147487353
0.05500556520735529,0.9865334237592592,4.6657463501332135,0.6522238203861769
0.05497221213152917,0.986880225424201,5.276351194967942,0.6208624642377478
0.04533397024181835,0.9894978433524836,4.094096690021207,0.6637704642146066
0.04396529642043622,0.9880385655390012,4.672434619077481,0.6547747124253362
0.05981647657576983,0.9869372352287495,4.998405148294279,0.6242279649439907
0.06964365567139422,0.9846248758068737,4.672260512592994,0.625983278684698
0.0786350133563279,0.9802611410115721,4.1662568416687416,0.6576964300870024
0.08805567072835396,0.979542884423948,4.528534995355296,0.6436245871201454
0.06854892375519657,0.9818419922417878,4.7791605091516445,0.6424882771544141
0.062160150647997556,0.9842909805356764,4.567362943582623,0.6338584247209651
0.07062011013398437,0.9846802522662386,4.66007122891933,0.6449614640693456
0.08398209503153745,0.9780862972859307,4.756894763764151,0.6354652948641142
0.08465515525825247,0.97897679385734,4.969425056774773,0.6218100313575532
0.11824087564211958,0.971282011329662,5.030772477376408,0.6369943513158164
0.23955548766691617,0.9496143560048161,4.3064685304656285,0.6548038826119057
0.2563852198203437,0.9405967662741537,4.460018817369791,0.6279080939170951
0.22161417792635907,0.9462812447337136,5.001002641220369,0.6074379047399581
0.1864417802242609,0.9512534137942589,3.836349310382584,0.6324000435749304
0.12507511419022724,0.9669906924221453,3.786173599989551,0.6262313622057261
0.10182465826816886,0.9740635643206778,3.771189338282535,0.649486048737894
0.07964954562649855,0.9792246401605396,4.618248991814901,0.612824271210833
0.06905408582566684,0.9829954764439314,4.255533547801826,0.6412862529887602
0.05669193074917384,0.9863000091284633,3.7966782926028393,0.6480027669231424
0.053145971219551134,0.9871675177736212,4.052624488173838,0.6385004812378415
0.04567114596589512,0.9882203260723085,4.777492761899305,0.6043636070395721
0.04474697099856157,0.9891219626402649,4.250036835143632,0.6219555972428172
0.047415047754273285,0.9884150304117418,4.6901949309306525,0.6091131894537902
0.044912143939567474,0.9894799381889395,4.640927636034281,0.6043603997920904
0.04198544833460406,0.9905359896080684,4.3018713935209885,0.6270042863751861
0.03637691533428224,0.9920958063058152,4.579202154928923,0.6293414764793243
0.039771011231178516,0.9911761669175394,4.714538198343095,0.6198149471097641
0.03990403756532218,0.9911039343629126,4.667543982348321,0.6148275589587182
0.035306687175317576,0.991875952308453,4.315460928284341,0.6433349474327911
0.03512849748629522,0.9919939132762388,4.5028610109756055,0.6299135993406173
0.035591694026351275,0.991266372297944,4.374324079305113,0.639190001479519
0.03304054435665339,0.9923315178461826,5.299149951957804,0.610143125258996
0.034932672496008496,0.9927656933977412,4.746689486666442,0.622348023417409
0.030803572821544487,0.9937443080764937,4.818618347195556,0.6146346221466448
0.0333768438776845,0.9919184992346212,4.489967285269664,0.6375066225916125
0.03243260336953768,0.9924989663206978,4.525827307066988,0.6323268028462529
0.028481676522006276,0.9927105606612453,4.981642116165008,0.6173386938033518
0.039113689840610234,0.9908406400713777,5.06194989525108,0.6160280531009824
0.07439818040077284,0.9834597529369267,4.259521006101008,0.6351503218139043
0.11220741494482295,0.9740488867547271,4.020868990688546,0.6711317488989761
0.1995160310155371,0.9540054964955156,6.162826687708204,0.5933404833701467
0.21225068318376072,0.9514455342855181,3.007023620241471,0.6943679055089557
0.19197575049705576,0.9563713216006917,5.0881639814319355,0.6144071380182632
0.21808343065085142,0.9551035040561356,2.9844151179251206,0.6803606409728613
0.21343718858684452,0.9488209931744926,3.1777146037873036,0.6775603598751142
0.1542763186615443,0.9598067521781042,3.7064725393844733,0.6452907527001186
0.12613649049668293,0.9662217021035658,4.052319221776286,0.6383835844869934
0.09665608464637818,0.9749863268625591,4.525265285603825,0.6276718366136771
0.06734654490062794,0.9828279394602375,4.537918056911041,0.6325828896142702
0.06895527466722516,0.9818168532306798,3.029222543002995,0.6720737083353431
0.07688574294019722,0.9828893424041656,4.940437592766571,0.6247061657416534
0.0596207239764497,0.9861347348481772,3.8544790940190854,0.6504625756568652
0.048315390018521504,0.9885717301291085,4.423691521978321,0.6388165280916954
0.04454017196659329,0.988439476893321,5.080147977333176,0.6110288306798981
0.04887430184761875,0.9872268514118566,4.108460126032356,0.6429264944471089
0.04718296902706477,0.9886400315385856,4.466756949323208,0.6312463340092352
0.040738780917062234,0.9899696949243872,4.05389659919141,0.6406464253290493
0.03726877193552224,0.9905375434279599,4.767818161932615,0.6402733452746723
0.03498978763409642,0.9917173772021293,4.65640137041367,0.6344868304572124
0.03717334956794806,0.9908609378666933,4.36885152796082,0.6413820088520843
0.04003186323805332,0.9904587986045862,4.708446962184913,0.6253957218166865
0.03844801504905802,0.9910585868624928,4.737867995120761,0.6378962735566522
0.03429023062333104,0.9919517824483807,4.463713616048921,0.6384858815649692
0.03313472032351428,0.9925299978357861,4.222190484123184,0.6394052638231734
0.03014691163004602,0.9935488954983847,4.986446012402692,0.6186357561373002
0.031700192829807294,0.99297808194648,4.779115997197974,0.6389648068180023
0.02937118842543265,0.9925749621579917,4.777867570273989,0.6288147782156471
0.025977411098978807,0.9942643227374361,5.12290794449956,0.6157331457088779
0.02632364550725402,0.9940412811050205,4.511678038949993,0.6367783006357117
0.025689027483075024,0.9940182081021596,4.909796310361967,0.6178263288304772
0.027177879084173545,0.9939774334305651,4.876344327995604,0.6337679964388641
0.02892198127441111,0.9923221693317933,5.267813557647423,0.6148099088526913
0.025347976199359606,0.9943457992916366,5.17455637814195,0.6154844805602928
0.02447100875077756,0.9948609390519769,4.87534091893139,0.6225566816263413
0.02538069662839689,0.9943153987789115,4.856217229256146,0.6316439877007137
0.024880455478075936,0.9953239958546489,5.247553700661267,0.6180259497010726
0.029845617372790574,0.992668614174604,5.084304437143058,0.6112706156203043
0.029983640250426723,0.9926778637676483,5.769904336281789,0.6044332373411596
0.028980546958821355,0.992816333549765,5.23363771089927,0.6082424049906415
0.029129143729975573,0.993308392979221,5.649691959325929,0.6153050621609167
0.02667192349943017,0.9938245698945031,4.985090630846648,0.6297606323480164
0.027972415069651216,0.9934703211190059,5.458390735918951,0.6165774710453853
0.032632241800359583,0.9914418971636401,4.825662916757439,0.6300413769787576
0.0381765578117247,0.9913783763382007,4.3842168268117145,0.6501745962739454
0.04607788462092539,0.9892273190375875,5.411892507582987,0.6267511004689601
0.05725264254804275,0.9881465950106204,5.402096783410789,0.6072611153694233
0.05381177789945112,0.9871233170284655,4.7739055857882535,0.6328342021498871
0.05357874651717999,0.9871281005458478,4.220069097102814,0.6551337856631035
0.051306067208469,0.9872236392561,7.199139322416521,0.5822566551349276
0.054545881968274465,0.9879210586136116,4.581762974977781,0.6540524953157398
0.059100848095905864,0.9864557788260621,4.872246268859778,0.628262939702355
0.06456972325169068,0.9850109951209279,6.086779391732068,0.6176461934200781
0.054489643574539275,0.9869385144635969,3.776065630719287,0.6499869122286751
0.057517846134016434,0.9863865897827998,5.242153341485679,0.638062741536453
0.04657015733962655,0.9890848220906396,6.231198983673304,0.5969665330835516
0.04376692270346957,0.9894474631199954,4.1721702094248565,0.6462488659182947
0.05531139529017187,0.9877733962041656,4.900088847234288,0.6425378043962549
0.05229585923157703,0.9876223868018711,5.000848685081056,0.6400298257092735
0.06502527656270364,0.983891848393331,4.4538250063355544,0.6637982549159755
0.1515422087585302,0.9672577384107227,3.9647062120786294,0.6788434698082463
0.2532644269715292,0.9449126830165709,4.039814911677972,0.663006590641638
0.18738708198589382,0.9561680139821743,6.586197205555396,0.5953714230956495
0.15630713944951102,0.964184653290676,3.8430413357844646,0.6613988929246334
0.1689581099762421,0.9622215847592603,5.254776939899388,0.6132651550500334
0.14581039541933422,0.9655822396502022,4.335789243396193,0.6109683169893599
0.10197880643130434,0.9752478851166865,4.203159247214845,0.6375299599771109
0.08031211134574652,0.9823256208126331,4.7206815858115245,0.6316909579175534
0.0594617123373209,0.985647041080972,6.972641968066168,0.5648228693534916
0.06910101720297195,0.9838813540492596,4.651727154916815,0.6224052760540818
0.06041584203516893,0.9871843831812765,3.7839286147278925,0.6659249417284793
0.05991352450497198,0.9843681007615015,3.4655894336570165,0.6761251233240503
0.05615013269741236,0.9861781964042406,5.4862746993141895,0.611438412947764
0.048524749412528,0.9885292834491973,4.447774569927904,0.6325178076821406
0.03643174968122063,0.9918852013207159,4.157793412969121,0.6627137604128573
0.03558300271205224,0.9923072419055798,4.883809775892344,0.6374611620951074
0.03385261811632316,0.9916117332585893,5.2571900671579215,0.6198047155741183
0.038882118706281235,0.9901094640579623,5.227048787499776,0.6255270471279821
0.032136498878455405,0.9922697340813034,4.716184418955305,0.638808053255556
0.028547656223591,0.9934345181661655,4.655161621197968,0.6325382323145207
0.023427096867662717,0.9952218215010822,5.112449050572274,0.6225620611906288
0.02453719837012577,0.9944852534654576,5.220613829818486,0.6165491341965922
0.028933833366567005,0.9933125397688363,4.571235310748764,0.6446525256037472
0.025519016838778576,0.9943829858220153,5.657792922242572,0.6094845325274233
0.025094075417548947,0.9941053918705343,4.985188876926396,0.6460672708740179
0.026512939867080736,0.9939920725330578,5.104719186317686,0.6400789392619025
0.025528021550170945,0.9940770475037904,4.965579600351409,0.632664795532248
0.030686272455655507,0.9920532596298969,5.148826053699081,0.6318607754067647
0.031391969621899905,0.9929366213531735,6.004328530588606,0.6054704026525011
0.027458411282834175,0.9939281844395335,5.097272831735577,0.6377975395805613
0.031071362716624883,0.9927477868712784,5.7677443896301686,0.6042090738874066
0.032033511456059725,0.991832475512673,5.429357499758275,0.6216644457710838
0.032408828873926175,0.9922436410679955,5.859348304590675,0.6113875057994165
0.08897403854035112,0.9797150837165353,4.302919064625625,0.6730101419518776
0.15284195049920682,0.9691611314072585,3.526100284749602,0.6852773822569472
0.18001049048365464,0.9555758398037791,3.4258702645200283,0.670321543656094
0.18604312279353072,0.9550970016326675,3.1898772038336785,0.7023198772672002
0.13095400832943668,0.9682202356328982,6.022322946497119,0.6037329528103579
0.11587338302710042,0.9700893230653747,7.251194452750918,0.5723214630085459
0.10934229854764238,0.9725975237882516,3.59040165800031,0.6634337564312325
0.09584412249325269,0.9756741302780497,3.7314090371467157,0.6652429752827952
0.11143168762727357,0.9751198734649604,4.1156735777519655,0.6613467102776779
0.10315390438184659,0.9763780710880907,4.059400747750551,0.6789528756415448
0.10380326398540185,0.976716038203341,4.343745376269661,0.6430651999410115
0.09247013637542853,0.9768708021544303,5.127462212749158,0.6237861952896299
0.06765777584765512,0.9848292811083266,3.9569726076505423,0.6582930765305393
0.05569309806764262,0.986151978013615,5.224596134291542,0.6184499574906986
0.04069478591265202,0.9896658902703798,4.484307036815565,0.6257743324717171
0.03810353317708715,0.9911953671405879,4.715320440409604,0.6315940620347624
0.04682921173278748,0.9876851488131174,4.986939160878421,0.6347967115809584
0.03840185910212885,0.9914097976586762,4.92572804596971,0.6152851289339861
0.032535583991170715,0.9922859480939272,4.817750588436594,0.621603540768392
0.03325246054705597,0.992525406833853,4.085021054998561,0.6609710803038767
0.03705328998575093,0.9914194970246764,5.350947901923861,0.6190896057516406
0.032020306629526006,0.993193745805207,5.157878570548977,0.6219604342120933
0.02939015315992535,0.9935129240149589,5.421148863984381,0.6165767477204078
0.032029986308691284,0.9917162795113873,5.223701930707025,0.6354528202132657
0.026327315274662436,0.9943357330071279,5.228010687784001,0.611399774035505
0.027974856817588215,0.9931127286615706,5.3343323781912755,0.616728966386471
0.028339794855272975,0.9938051683055495,5.302047476609484,0.6327172204634078
0.021758819778963826,0.9956997033594213,5.2835717574809635,0.6346498460928779
0.02483185493249211,0.9936382251094356,5.576614881050352,0.6114479018074597
0.021271247452655535,0.994911577136407,5.149270834526225,0.6178646189282367
0.020901599850790462,0.9953610758866133,5.29262213536466,0.6253138605424597
0.022623834613417788,0.9953744743861377,5.878463859489138,0.6147346814436909
0.024829010143267417,0.9937742889231961,5.278207563597211,0.6213467003970764
0.021004002846381313,0.9946364469221864,5.129947836880897,0.6405245530020197
0.02154335395565342,0.9956134578119438,5.3511531104903565,0.6349998806197076
0.026353672573357138,0.9945393354368508,5.645534195637501,0.6307647362488799
0.025418442234574543,0.9937923495274916,5.908108673501848,0.6163568444314184
0.025447064980732816,0.9941336286887188,5.203472920812819,0.6533422502103846
0.02738903966626681,0.9940329198591176,5.109909027347895,0.6475940267295074
0.02530191837968007,0.9935669143349325,6.00106863862494,0.6117501998372267
0.024336361065726453,0.9941726307906922,5.375160067471312,0.6314363631299412
0.03037158033777005,0.9940552662230784,5.348026754770857,0.6482683552197505
0.027170367521966367,0.9943297530045463,5.6843148201237055,0.6305005698137163
0.023092916270001308,0.9941442316287873,5.4439464395139145,0.64080959940447
0.01880287653795883,0.9952253309018938,5.9627170817542625,0.6141337039675231
0.01650111329669061,0.9965294900078453,5.94693298079298,0.6165768173822785
0.016703165023027253,0.9958856924389733,5.410650404833943,0.6251276256983248
0.016651640878522573,0.9958597709195778,5.566319573112356,0.6197962774800905
0.017644288485815635,0.9963255734493575,5.260610812061903,0.6514932781615287
0.01804456891806566,0.995903778080983,5.943731364882007,0.6127784918975887
0.01744124696189514,0.9966204310227308,4.9523424776551614,0.6536243159130548
0.017261724154266214,0.9962567704254166,6.351895588284374,0.6020037025526388
0.01750579393214732,0.9957979674875714,5.966942073734662,0.6133716587102049
0.015774913905237085,0.9961858184470282,5.975099779123664,0.6047592281159719
0.01680128609638617,0.9968363039761732,6.028297742718719,0.618129571696479
0.015572832474237835,0.996966335349835,6.059236241996216,0.6195641367424722
0.016606819449865435,0.9960775929207135,5.513828795231121,0.6371455897546158
0.022043835933494713,0.9948688407141468,6.044325104579719,0.6148792600015633
0.018523517527106265,0.9962669170248967,6.047923364712082,0.6078962924056794
0.02055142257770206,0.9949003407000203,5.6154045236786,0.6281540525695457
0.021173739835003286,0.9949204235912199,6.165598032703453,0.6167301796941308
0.023537615340068842,0.993803843688247,6.923373969121361,0.6110325556573027
0.029162731972297656,0.9929209565626232,5.636655322994847,0.6251481447650622
0.03107989364213472,0.9932931550250677,5.340327755233378,0.6402524800385535
0.045715670069789126,0.9904003936260855,5.787483442734887,0.6221480803469054
0.0910976641852964,0.978560389298241,4.907972050364499,0.6551430949518207
0.1902854113262214,0.9605958933938745,3.2023859254899105,0.6998948823592311
0.48369516929788925,0.9023277709225099,3.5939606062711698,0.685626403330642
0.5415340881917919,0.8938119099871166,2.8259861957792203,0.6868062053627257
0.3588375854287838,0.9137971879758914,3.105888318230034,0.6840159169722645
0.27732617016998945,0.9303190743355967,3.0199652787143805,0.6916947793843616
0.18516836244250232,0.9510245436556621,3.769575928817939,0.6445434483543587
0.14224706158526884,0.9618859442172192,3.2732465664705344,0.675980845115865
0.11501543795597893,0.9694596147060497,3.643540353840161,0.6423101792808334
0.08600944541599259,0.9777922394086302,3.6649646581823734,0.6500246858391305
0.07129890545534133,0.9815577285066034,4.445642916827664,0.6343835279571646
0.06568585188084775,0.9852571675537471,3.707624942531256,0.6639168831596988
0.056675521399188716,0.986458798609776,4.298964255111866,0.6208212378178234
0.05492446348929207,0.9876637159309459,3.639482073345161,0.6666919006854374
0.0556442207766933,0.9862532389202407,5.993055789812639,0.5862318899342782
0.05246835722780952,0.9880078202840814,3.643293024211008,0.6576550550952074
0.03941383065030456,0.991730428893111,4.402788910630143,0.6357389227227084
0.038748072371738926,0.9905114512920099,4.372924645390555,0.647425257264822
0.04243717103442211,0.9888891737431101,4.443656758928739,0.631535605864291
0.03895456363022072,0.9919878351756068,4.8817468356204925,0.6242324380761384
0.03502214668403193,0.9920538525859268,4.722026849856286,0.6354682004695278
0.03477040929908141,0.9913059653507778,4.136723885051502,0.6636904547437009
0.03041196042988352,0.9930002922488322,5.196439912971506,0.627937917148541
0.028025881560786,0.9938196653765125,5.117571943971995,0.6324121399301276
0.029319337780586253,0.9939988263417681,5.304854480556428,0.6211990523482946
0.02416676058751625,0.9954512271766961,4.821316761777027,0.6407981805265119
0.0237838261665606,0.9945700100081655,5.471680140773088,0.6208655497447444
0.019001171002330366,0.9954683718199743,4.988414616697809,0.622480685814216
0.02086546104471196,0.9959004985293576,5.088682176598395,0.6263505497565288
0.019907809380859485,0.9961561881233439,4.900429686181945,0.6244223885627048
0.019112102018083787,0.9958357686270383,4.743404874269049,0.6423668288597474
0.017850574172331782,0.9959003571285657,5.274588485662599,0.618780331376564
0.017868555672152446,0.9959367073593428,5.337946487172342,0.6157935310472988
0.01758311678946928,0.995596443181679,5.355445315628082,0.6268405519764374
0.01705003980369082,0.9966123873122643,5.5384881708122915,0.6177803622831851
0.01692996673296937,0.9963382872054672,5.677708692270955,0.6115188211728848
0.01606957721036889,0.9969041115456585,5.041644943531568,0.6358391945056724
0.015666278484508793,0.9964412721308163,5.5420414116929555,0.6141422594324062
0.016862304073744578,0.9958522696313323,5.35273368945798,0.6179917133990864
0.015283601663610582,0.9962390170301723,5.899330315220159,0.6100296867144952
0.017052842160052997,0.9967233420961762,5.14032623671106,0.6423924062842964
0.018636267547183477,0.9956658826279692,5.188936905000716,0.6299909006353083
0.016813633546759018,0.995887460435308,5.451062612046962,0.6159194915691169
0.013719364480122084,0.9972842276558188,5.395808857672183,0.6192437192360503
0.01568264018575103,0.9969558467539534,5.623963432649188,0.6105508477324475
0.019179098543567447,0.9956824764883908,5.259639210660757,0.6372144072731912
0.0193173283968259,0.9959793384002765,6.346360625201509,0.6199375858107251
0.019877082732228834,0.9950368555978067,6.060857774168193,0.6135832083763063
0.021552271762064812,0.9964274651424183,5.709367476969466,0.6279324095465989
0.022165887018368077,0.9948135002981418,5.834314072548793,0.6221033537691131
0.02409213236707097,0.9951328023659897,5.020468167963637,0.6610122379385198
0.02237350101483799,0.9944872185193999,6.670456195653514,0.5962549782631892
0.031355316031664845,0.9926099054700172,4.984766530818181,0.6534548030244914
0.030975036850657844,0.9927580642152282,5.079729339788122,0.6518539670771363
0.030052564499641065,0.9928944421434036,5.820688887358957,0.6273971750658999
0.04849834094385043,0.987869151680836,5.057437260498623,0.6537059181802702
0.061181484406670046,0.9872107365828958,3.862681979585144,0.6771559448829021
0.06823999039879665,0.9858838269236325,4.563127779778633,0.6753195908763482
0.10581401806787201,0.9755451707304158,7.667699361719152,0.5929838400815879
0.11722352448613893,0.9739367819159853,4.323109743824059,0.6734450440146862
0.13684532239492342,0.966081298819464,3.761755622692882,0.6953270840117171
0.11255777661653828,0.9730805237873402,4.860087936783756,0.6388906096756136
0.07415960104299131,0.9824198387779473,5.292131675683432,0.6302621632908003
0.06728091499616906,0.9840842419866165,5.076957585391102,0.6529933572269746
0.06326918039624073,0.9842260369955254,4.423588608775861,0.6650161954526401
0.06678645992288632,0.9839514813788142,5.551147476455302,0.623768754786539
0.065020138113689,0.9842371929854248,5.014477535729046,0.6286866499872753
0.04726398942833191,0.9888480223853048,4.943185451663896,0.6496612898456902
0.04030696871124574,0.9898725794813673,4.614298329002745,0.6510777034552949
0.03621663394240278,0.9913155674396125,6.182706993811099,0.6158047261835203
0.03213715259630836,0.9926426465059316,5.702477491155787,0.6307031525755268
0.0284453819854976,0.9929641983346742,4.661774776603573,0.6676911910562032
0.027872764122789245,0.9936025140159723,5.210332879679133,0.6389096806008399
0.025246966213389017,0.994117661310121,5.310048248740074,0.6487569121914233
0.02216796649467024,0.9945391217476857,5.946905874257683,0.6158281071111876
0.020582053709081238,0.9951508790837463,5.887054216339675,0.6176824272450071
0.01721542259598171,0.9961204166066631,5.3914139978662465,0.6329157875662415
0.02080450997702469,0.9948930062279493,5.27876302275422,0.6346826309354998
0.02073149580832257,0.9949363952479586,5.699489551167164,0.63572652108196
0.01844733614248533,0.9959023150021709,6.278262947782928,0.5986026097141227
0.01476214854943476,0.9967152668448962,6.06227570798513,0.6151360096831204
0.015124636602584132,0.9969572515839787,6.105619222488495,0.6251634474870962
0.01719988446153358,0.9962463003273967,5.836213127969977,0.6234547158147874
0.021144732974097483,0.9949292193608477,5.111768129600871,0.6462751962031733
0.017525125546369653,0.9959935347845568,5.914249030688337,0.6107626318807978
0.013348531111295569,0.9975459278099281,6.397482556863787,0.6085904171370481
0.013958623992745394,0.9972560558576077,6.038316209232917,0.6177250608844158
0.01495812246165606,0.996523082211028,6.306405690646449,0.6133326313946186
0.012978456445583118,0.9977068436902482,6.100765261606022,0.6092511239292545
0.01245869348381671,0.9970286043876143,6.157557372349531,0.614741125107943
0.012653253855912365,0.9975914078282837,6.134370371058745,0.6085063287655155
0.010926907443061911,0.9978150297483291,6.106295615901617,0.6075034687061135
0.010054935715784266,0.9979589636020456,5.8938072772809615,0.6177939416872218
0.010532733747937425,0.9978806304225507,6.325683759081646,0.6055718093766207
0.010183185192671416,0.9976715507278199,5.889012273701859,0.618817479832995
0.008910637097943335,0.9982838272367451,5.994345562867057,0.6226037691560383
0.013704315263958074,0.9971315901068215,6.243984761128899,0.608755017659806
0.022862299654377867,0.9953848739420094,5.860734674048357,0.6379050703240705
0.020298674103215356,0.9957063459697516,6.620898764983101,0.6127683764714235
0.021511340603378063,0.9948406808031621,5.162248038249401,0.6594630115308876
0.03093243232619272,0.9928785368883,7.9403152611419445,0.5826369455037222
0.03718185570832874,0.991039962551969,5.923378119079786,0.6455041818383748
0.03279880145012143,0.9930738983806584,6.10676710918851,0.6224144233395486
0.03836060094856523,0.9919837552912544,5.893483937050071,0.6173990226494103
0.07051019985400897,0.985896561552389,6.3191538583135545,0.631989997524139
0.2410973977440729,0.9575919878959411,4.0634719869514795,0.6934543997470155
0.42067936836707315,0.9290473190624766,2.9414287973666777,0.7187296432251103
0.4248328334965571,0.9107042649184581,3.706608354638216,0.6759754187014311
0.36812734541219927,0.9197032011178443,2.618218062057127,0.6916636227956601
0.2575820449251271,0.9374510835968926,5.16451892224408,0.6127128590106751
0.17812525299086507,0.9530799469676641,3.815843041616542,0.6502054962021986
0.11251954020498522,0.9688870460126543,3.5302803492440713,0.6710086088486321
0.09411001531924847,0.9769842859806003,3.8307379746159285,0.6638695950841561
0.08846866001090771,0.9776191665676233,4.529012480908582,0.626659241916386
0.07119101013385086,0.9822431789335393,4.3324542340623085,0.6510327508623396
0.05508229386366258,0.9867819311575349,4.20979948338853,0.653158981317392
0.04428843808392452,0.9885218105485041,4.503157356265272,0.6363214027961518
0.03929164573785705,0.9906874184929848,4.286862591367593,0.646811661647539
0.033464072562292176,0.9926236459917774,4.355872927635441,0.6550038292434027
0.031895128978401105,0.9926275043054044,4.518112525158304,0.6423422214038327
0.030627805625891867,0.9936654132664945,4.56562347898717,0.6357188652637931
0.02593173969747057,0.9946745432574181,4.495239452072395,0.640885219409452
0.025994473828063427,0.9937397419351566,4.0577300292222365,0.6709282489404736
0.023358016209887648,0.9941742028334326,4.921137955735706,0.6278645388208662
0.02223195529300772,0.9952063383333657,4.908441306405778,0.6184581437880919
0.022635171302406283,0.9952185972388896,4.6366973199150845,0.6434060792079311
0.021969160194020683,0.9952509356605788,4.734925783317507,0.6542352734033953
0.026145506181242922,0.9943875906632941,4.950893341561023,0.633845469874265
0.02077773842238188,0.9958513629753296,4.980934407635356,0.6336845338650107
0.01767704662898945,0.9963627834311423,5.4507929227973815,0.6180896679088399
0.01673859222332477,0.9964276754217488,5.197381548921762,0.6256955381700638
0.016460793880361365,0.9962608090370607,4.902497272790317,0.6379022833256783
0.016490980264737862,0.9960334592471217,5.1514822640731275,0.6350660329401264
0.01478543247777115,0.9970689234772404,5.278380044735594,0.6298751606481695
0.019640362274849114,0.9953322682267949,4.786118876747263,0.6433478268269417
0.015576315412999548,0.9967455855984803,5.331946591192961,0.6271778611186278
0.01734200956728207,0.9965967808441588,5.291854520646766,0.6390198842292149
0.014309079730410533,0.9974878282051732,4.715081605915087,0.6703552742809981
0.014171372646336432,0.9968754750858729,5.249691394592873,0.6368287774481797
0.013720705631900356,0.9973939363668374,5.29106627970443,0.6395133128405617
0.013660336500444082,0.9974122847040765,5.223107830498199,0.6470117874604487
0.014418172351696675,0.997152490833926,5.6146376271859,0.6246925229946061
0.014965088315980611,0.9963217422764714,5.349742015043192,0.6434205282992296
0.01499599172419791,0.9965398769056519,5.733967581442821,0.6265689023186478
0.011719991631348904,0.9976148826322301,5.47944202515053,0.6355832853067305
0.014806290622738225,0.9968675467631859,5.526523905808114,0.6356973999808231
0.012700655542137443,0.9973435116016494,5.8975406792710805,0.6179855966423872
0.012695827973886548,0.9970736113437343,5.509161754706242,0.6206874623657442
0.011221697121445507,0.9974826524866306,5.221271600911013,0.6443225033798468
0.009687684486977216,0.9981649007264723,5.5309232973870435,0.6364851078055944
0.011772131103933959,0.9978153339827206,5.82522804280178,0.6099467480161087
0.01176733550741207,0.9975154139271696,5.071226204097774,0.6599801850606675
0.012857424042763736,0.9967522438044111,6.187317785368046,0.6089173133685479
0.011464802075955217,0.9975605416330414,5.78041715399718,0.6303698262185105
0.009581594177895567,0.9980351856204501,5.4405314938616876,0.6390324555051324
0.009531847946894597,0.9980429095762964,6.3403033750418345,0.6089845287734134
0.009375392187057977,0.9983411721333832,6.181655168245959,0.6170195545415721
0.010566290297852441,0.9979676247165838,5.745447589097228,0.6260918196902687
0.012419733215481127,0.9969139680134274,5.693692701798742,0.6283308499996827
0.013375453607671764,0.9966362655263326,6.197496951943471,0.6178099610195404
0.012168802149460124,0.9977161826234552,6.197844009506698,0.6168168988650321
0.013880093704329863,0.9966785199663765,5.812827209527831,0.6375721475094079
0.07103607633458063,0.9870459877278548,5.089705234073931,0.6560993622025254
0.12424594947368055,0.9745284919226174,3.9630111868288584,0.6724844058002732
0.1681036431458607,0.9651673849760009,3.631471595212416,0.6918334787477229
0.17368795072256488,0.9615593483176793,3.517881343335021,0.6876029473693562
0.1834530481252706,0.9561828161324467,5.629171667064515,0.6065209540604255
0.1216489871482669,0.9699649353134481,5.320958841752221,0.5988987683425452
0.11868746596753589,0.9720649229763434,6.518055350869571,0.6184873585872984
0.08443807972787422,0.9793373611879491,4.419074500885868,0.6576697976221717
0.052312042957786194,0.9853514517936468,4.73603028358346,0.6428237051258673
0.052124011504796994,0.9884633923734735,3.952972228865204,0.6761424839444613
0.04623712780702676,0.9887711279429351,5.580034080687753,0.6116650547449056
0.03438840744520776,0.9918417197837406,4.661167636555618,0.6443575277392339
0.026163804331986208,0.9944042483966223,5.22506577712841,0.6415169325144408
0.03462548899132915,0.9928271873357004,4.543065675150778,0.6689154436505691
0.03230791697504371,0.9927109836064368,6.382210077268142,0.6065644111830749
0.040393716438525136,0.9904147233106879,5.0316006360450585,0.6602847605138323
0.033396425502938774,0.9914426730564974,4.817559552221424,0.645406061866704
0.026136617471459116,0.9947490875903217,5.062976706693718,0.6398103318880374
0.029954433690737102,0.9928689864320024,5.05112203358167,0.6533797662834806
0.028321111261958385,0.9936723908026903,5.47546520823214,0.6382948423012136
0.018304057656776736,0.9959248262597816,5.284530959583373,0.6397985502236759
0.021112643847810995,0.9955616357876502,5.379890632131292,0.637212339995251
0.05710496262037181,0.9877277857952276,5.509152421801863,0.6244615350137075
0.16764091539370163,0.9664655348405392,4.299146204600137,0.6742794596298537
0.1614558435562418,0.9626214082571322,5.0838646154989915,0.6404950886347172
0.14435432563349154,0.9664163111794805,5.0648718694454695,0.6181550371122985
0.0999879201736191,0.9747752068608213,4.849408229224028,0.6429586108298072
0.07642156757674767,0.9805869009338708,5.413300580507112,0.6481248570332675
0.05852125720680359,0.987481614020208,4.443417169617668,0.6512848184118407
0.046107132289644956,0.9885154967948089,4.441418997970342,0.6682045922163187
0.03989338410989067,0.9905616759516077,5.0353310576592545,0.6464596347162243
0.03922328675866478,0.9902793190969617,4.594983670260351,0.6596408710892009
0.031144817136861687,0.9917853707324576,5.003902905817825,0.6394877757068221
0.026849642872423217,0.9941171951990839,5.775622797376327,0.6246221940460356
0.024282206262227234,0.9941426880359175,4.787048009372035,0.6477547067650548
0.018225341194396727,0.9959960874784942,4.882137670436505,0.6562727625687188
0.020858702026442286,0.9951487506457942,5.418995506459807,0.6261605140208304
0.01861921225944979,0.9959464138836684,5.661610290485963,0.6135934531504164
0.012996040172879917,0.9977562908036074,5.3335708470266,0.6240523467559606
0.013176412144143274,0.9966442355542201,5.319549800402288,0.6337513892316384
0.013379328474711747,0.9972343960083345,5.192308173020617,0.6455419035554513
0.014771405809766096,0.9973631811180682,5.187003995290766,0.644143932546196
0.017059068782104135,0.9962630835509899,5.4060161902081685,0.640534941433288
0.01661614252939607,0.9962796528051807,5.296507546680431,0.6424538198677304
0.015198789847768006,0.9965774456243287,5.385835014609938,0.6498389768058247
0.017842772053196693,0.997171580905543,5.694640969597896,0.6243303942101869
0.01730461088181923,0.9951021746329782,5.616375319495073,0.6287018187892535
0.011843087620613117,0.9975944641279713,5.5829981154062125,0.6374869040279588
0.01157516854284729,0.9980973511554773,5.585356824605903,0.6369279975846561
0.01353732094710469,0.9969283907588137,5.549063865704534,0.6185637255827299
0.011033986947554468,0.9976028980165459,5.34360886769584,0.6418959065031177
0.010647194851983104,0.9978314479579569,5.931339499365139,0.6172306703739886
0.008675186853550022,0.9981457566495893,5.753304441083431,0.6194095399665391
0.010569855247755056,0.9977621556814495,5.549906318951151,0.6337130686968444
0.009086576001627591,0.9980498495769151,5.953408942063586,0.6093821849340806
0.009041758827968396,0.9980655991683538,5.693708549114824,0.6287033980198978
0.008849995982690645,0.9980428556632298,5.864340780441327,0.6223755180357274
0.009323732684726487,0.9984484400784388,5.555696323436156,0.6424939237224271
0.007804034294759363,0.9984923245377416,5.809129011875274,0.6333122694902258
0.008076045611276833,0.9988010107752502,5.999267694412728,0.6400373071697367
0.008587329267399833,0.9984985819799929,6.177850058300038,0.6341989525658546
0.008443256875531763,0.9985670219241062,6.209890541277434,0.6289017324030381
0.011472307807324748,0.9980628346221759,5.55441076087875,0.6435075517712318
0.010559553832132022,0.9975500389787253,6.117205560422892,0.6332863802662327
0.01034031623658389,0.9977070380350517,6.087074367336213,0.6326003641919038
0.008597632664281617,0.9980623934076556,6.3463424278004865,0.6258554414300047
0.008539778674706105,0.998440212975701,6.187013701580288,0.6320456087872052
0.010499315871355087,0.9982124284016444,5.854841989415292,0.642517155232158
0.008911369190388823,0.9982452771560489,6.016935548326393,0.6314661218148957
0.008342228020394568,0.9983432263158762,5.550269438014446,0.645058688777813
0.012213234443557267,0.9975800545234133,6.047672066357108,0.6330588384239602
0.008873339580404154,0.9980982651829479,6.355113112241592,0.6127611255717271
0.008509076508184893,0.9981882462266365,6.218958701604627,0.6215387801343282
0.00962039656778472,0.9979046886522058,6.64301657743749,0.6037418240218784
0.01256451023301279,0.9970457223828851,5.734015602335579,0.6407699494134239
0.014838766128032326,0.9962098491386356,6.314634979848835,0.6337118685340621
0.018172652591471373,0.9959743980226832,6.090882571838428,0.6226201882192316
0.02262586813050372,0.9948679812468036,6.417471809241608,0.6186697430367402
0.015352895190519982,0.9964798563839837,6.16678937576343,0.6368362856097087
0.018974460528953192,0.9962637612279251,6.523884769422838,0.6308419229074842
0.014977424957922812,0.9970678450700815,6.517606203409504,0.614292627871009
0.011829467364717227,0.9976424054850668,5.295016548153673,0.660100689956342
0.012916277319697274,0.9967342039480851,6.852963062690989,0.6087059044584898
0.013372994201025586,0.9972842626785149,5.926349281258926,0.6334510617229767
0.012321212258251281,0.9971448089929962,5.978980627630839,0.625304877906621
0.01813358181666718,0.9960308923068288,6.850689098699929,0.6152860728257281
0.010455542155337554,0.998019877886528,6.298630661924185,0.6393721531955968
0.007531776878091247,0.9986527192690099,6.499483134766667,0.6355557582064171
0.008688172926479963,0.9980123941540753,6.1783833179956655,0.6384238535474062
0.016690992844644377,0.9958869565886868,8.123096693084152,0.5866762331828386
0.044574406967355304,0.9903765033941001,5.583962468844238,0.6589053040209383
0.15682447800674448,0.9699648609482652,4.093718802224876,0.6595822504180746
0.22294923133207195,0.9538469055320941,5.303008567094324,0.614807774719914
0.2579355827782533,0.948106511804302,6.283644334242113,0.6047987290650424
0.3315844241276761,0.9269936112116148,3.6688419428634185,0.6853577532223771
0.26496455715142275,0.9366995021175228,4.923432366634382,0.6306448075710255
0.2140332973472753,0.9476274184366237,3.47312038554969,0.6843291255425119
0.17153071497871453,0.9597541193171663,3.4094189757465503,0.6782056801787956
0.19225332117174881,0.9665703878179607,5.002967665692609,0.6318119072831127
0.09897431186424675,0.9751012278526997,3.8538822107594766,0.6521533428596624
0.09404189312523493,0.974734209118661,4.22522848837344,0.6439477634989391
0.0680742864515091,0.9814724295398067,5.129411875746633,0.6318912115800058
0.04442224194282857,0.9893161716695862,4.262750008729817,0.6433122050366087
0.04121213720282493,0.990769690120848,4.86661345032431,0.6279519181794612
0.036083777695175824,0.9912010646427731,4.6314520475710195,0.6617493630109639
0.029427225754269638,0.9922948387574994,4.585258538103238,0.646123996460949
0.02321318652991216,0.9951156369358607,4.7794463026231435,0.6446252954983027
0.024814678676719763,0.9943488899821973,4.868246082322767,0.6466490222042922
0.020933080019956415,0.9952439330882568,5.111412764266103,0.6257203214656569
0.023795859977000285,0.9947624201325629,4.589994350845625,0.6359733315110931
0.024059034726697587,0.994160009714824,4.404596432474733,0.6566521901849458
0.018667921720757867,0.9957288097205574,5.41676636765213,0.6272292863457669
0.022063529279042603,0.9947364439394537,5.091215707059364,0.6404402636299458
0.018597192306845315,0.9962230742527586,5.387271450819764,0.6301789374218892
0.015482283899920029,0.9961920655768358,4.802687316019404,0.641900411318926
0.014620415848289825,0.9968152849303777,5.413584826796253,0.6116140798629948
0.017445182763274548,0.9970089347731831,5.574105626945756,0.6235363331091073
0.015621460523085651,0.9964590263116281,5.045654180012539,0.6370966580382835
0.013311403557943566,0.9972053789514018,5.165586375768714,0.6267523126440037
0.012933040385484871,0.9973560178231042,5.330130572681113,0.6209237042907013
0.011306982976612085,0.9978637540043517,5.3698956162731255,0.6229579338227638
0.018304208238428658,0.9955724117430395,5.335392296002926,0.6221415324945878
0.014041971078024533,0.996693856817318,5.836202817252478,0.6135763380702322
0.014020092843729792,0.9967344295496773,5.5294954796879585,0.6232944060308165
0.011671487571756668,0.9976189482169662,5.000090823206091,0.640239182788402
0.012701871428784376,0.9974759497369401,5.708812328168502,0.6134510192321941
0.012409528612878981,0.9975918795799034,5.662900394778407,0.6131827168470835
0.012814546250394587,0.9971661448051841,5.371262529663601,0.633254699757809
0.011554629879564474,0.9976022350404641,5.452869200332906,0.6270968040597679
0.013475224870634123,0.9970537241170968,5.071939766478855,0.6396555117582285
0.011292888775684396,0.9977155438149897,5.9789621604882655,0.6195736178491104
0.009650444209294274,0.9981904289338119,5.788413378262242,0.6156721359640533
0.00946804639553192,0.9983263170037842,5.4582486085596695,0.6368504451107666
0.010976650218303598,0.9974834516588279,5.746337239068883,0.6171551054820694
0.009033032498023461,0.9981430517491149,5.942603619523008,0.6147714904309037
0.009674242988639892,0.9979070560663525,5.72361603698945,0.6230336982562181
0.009824440343966762,0.9979813764501202,5.990291479554412,0.6202651016791949
0.014928156632724992,0.9971724186975321,5.3833196047272915,0.6408189043055303
0.010411424103970147,0.9974114713455575,5.867280677697322,0.6244414908074143
0.010697093689112007,0.9976245033170826,6.2692845914679,0.6200945486620224
0.010248357251618774,0.9979616655540978,5.738222069891642,0.624093622117422
0.009525869634125675,0.9977668765769292,5.689960275131232,0.6317474432319962
0.00893377802910083,0.9983801062812134,5.817945181485303,0.6343083821067578
0.009547037424952953,0.9983591817677092,5.673489953006976,0.6315487880132319
0.009042091115369237,0.9981324633519639,5.9070143904634245,0.6242420133093277
0.009445637797289973,0.9978819498201894,6.393041729879169,0.605850828058019
0.018320952301281945,0.9960855189446057,5.98816512070683,0.6258749092964397
0.04470671767333241,0.9889782234806082,6.8453203444980915,0.6188899957221852
0.11395536745482218,0.9741858995591474,4.196946013543729,0.6729670100710455
0.10983760060935323,0.9770108744950353,4.98552715198828,0.6525375702259891
0.17094883226328175,0.9656376061620284,4.221344342620654,0.6722758453547734
0.11729772079816317,0.9718121650277934,4.041810837267105,0.6575875620595603
0.10745456036181754,0.9757103697973373,7.226419120679758,0.5941755515763475
0.07508226408077735,0.9824728812939819,5.441485031966274,0.607645883898896
0.05087011559173271,0.9872229062555212,4.773650571877528,0.6469083129388543
0.030007972463205093,0.9934631458423407,5.93761958305785,0.6204111092136275
0.028104901596159443,0.9940315559055904,5.4640353008559925,0.6337720264161165
0.022872730701696813,0.9944694513079471,5.173867820112903,0.6441799209823132
0.021342929645732207,0.9954707210139184,5.579826202867691,0.6299337540410179
0.021700886236953976,0.995625514728191,5.44662597506053,0.6331680933049001
0.017865637188832956,0.9962281200174776,6.018841521622139,0.6254509830955797
0.02028471306495212,0.9954685614909374,5.0840494369301465,0.6599581630710172
0.01721910870587497,0.9963737450137578,5.692725698073354,0.6436916788003
0.022961762454497922,0.9943561968500453,5.765612148194488,0.6290141020301857
0.017799635312740855,0.9958133831280997,5.986330296342849,0.6195895420370429
0.018616579297405657,0.9962875753237624,5.754729496230558,0.6305219405210847
0.013147893881102723,0.9977550378032974,5.973082926532934,0.6271507555726099
0.012802989193048361,0.9975094583550792,6.169374136620135,0.6272233142404564
0.011621924903100597,0.9975759645595814,6.1501737309536715,0.6239786346414128
0.011316462818673373,0.9978520037121001,6.165145306569977,0.6229556877406708
0.010625904458906096,0.9978154052009129,6.081573696105822,0.6193968925899659
0.009579738461102797,0.9978982927898606,5.9892528178750295,0.6199658327202534
0.007778871277262643,0.9986303820437961,6.31124425480384,0.6158973560124893
0.011581627629224366,0.9982286056330598,5.542226727203271,0.6531667600091516
0.012957078800227997,0.9973251807981478,6.335694321287162,0.6371816834661072
0.01374282794617275,0.9967894717753664,7.217091097128636,0.6079536456807341
0.00963897349092637,0.9983382350546003,5.57426791269648,0.6357935063649557
0.009057741630156388,0.9981951618323712,6.513344395730619,0.623663042733993
0.008275571775197228,0.9984084922015137,6.318181113001332,0.6303880584379284
0.009180541673868005,0.9988998247091905,6.917625109226936,0.6040525575571277
0.007188819979734193,0.9985282121698862,6.349899214786332,0.6276568406199311
0.0074371909826207675,0.9987189376347612,6.455086657683885,0.6236660629518334
0.008337188930664418,0.9984353340558505,6.073896841430051,0.6302639644219012
0.007556906383316473,0.9981718590514159,6.390437828867059,0.6371919290712471
0.00858294883788079,0.9983095275174945,6.672587845496932,0.6262081983711626
0.013080051193993877,0.9974836429593906,6.86727776456521,0.6069083436809548
0.015966889258258087,0.9969310218578065,6.009483130498314,0.6297771635916903
0.015138854565642932,0.9965652031625712,7.929287339751143,0.5947315323598269
0.01387318455179732,0.9968434025096545,4.917191551410802,0.674119285457825
0.026031928903255994,0.9934924647077072,6.977962296188189,0.6054729120553028
0.06544736992591225,0.9850460832997827,6.188981402394473,0.6606227480849928
0.2440967405115375,0.9560662496941036,4.951686514865543,0.6654117359340422
0.18259872362223178,0.9610799890790868,4.016132194673071,0.6658456433430621
0.1293977789897125,0.967841909282248,4.049361920538749,0.6847995763902902
0.14126120881393633,0.9650938071443715,5.076240497212086,0.6286480609465428
0.09640268069965478,0.9773056951577216,4.79131807597012,0.6508064306766101
0.07888815404122113,0.9806213655599592,5.3875336480361,0.6556102242080842
0.05376969082888405,0.985594563078326,7.262873063943816,0.5884504595342055
0.054928906017459665,0.9874181271031107,3.9957691212167887,0.6905050184160347
0.07899907504828145,0.9803642946098619,6.4162682718711475,0.6326136074355105
0.04425243298955051,0.9893909434479561,5.3497366834328615,0.6358850968520133
0.03330344322819906,0.9912943341162195,4.935848583989279,0.6570724395068225
0.02523401175584837,0.9943691248837317,6.320791557353393,0.6216589428802514
0.02406002557671212,0.9955108264561616,5.245482114866203,0.6500895054196938
0.01801378574674829,0.9949032576587048,5.5251747915284035,0.6377783751466904
0.015915116960751784,0.9963851915477789,5.839594798664723,0.6268283627165436
0.01300236985767895,0.997500702613748,5.7992637177555855,0.6266342449178592
0.0120673158571615,0.9975643747122765,5.912089833105937,0.6220259661508342
0.010028998937482245,0.9979486503159314,5.792828571370157,0.621368870094867
0.010420919761303136,0.9985589949697097,5.9009057430437455,0.6237731970254599
0.011324796129618744,0.9975985767733039,6.421376300174197,0.6104825006411958
0.01051673736187274,0.9976658722037587,5.66013457584496,0.6397592049689845
0.011606233540457927,0.9975906456285766,6.09554773164399,0.6224514106005395
0.01151875787139841,0.9978502063740289,5.6312067789358995,0.6451557059642691
0.008738894648904844,0.9983185820817444,6.533971573081348,0.6120802634434332
0.008954217220908892,0.9981096997275685,5.889919888115926,0.6337337643731703
0.008784886572679132,0.9978164978434202,6.006556609971018,0.6310696673549631
0.009803562038678496,0.998311902634096,5.187095585574391,0.6625792680269476
0.010488882664732262,0.997910353983968,6.194931214188131,0.6295932110623704
0.010494988438855043,0.9972693902590493,6.258469897898961,0.6262905305391239
0.009576200736950756,0.9981923436591362,6.948752410347656,0.6166774059996306
0.009043263305376232,0.9983345731477462,5.753046084235787,0.6392257702364603
0.020039064569459378,0.9957823910308338,6.761216170723633,0.6266827482880291
0.017015865722675393,0.9958704554538839,5.5621351762773905,0.6437105308918322
0.02499137272966248,0.9953778340180358,6.364374572467306,0.6250805775042388
0.014767010581734645,0.9972663796434554,5.944450301403691,0.629071835525438
0.01036174973609901,0.9977467289837373,5.598078352038091,0.6472890649599402
0.014104993670911408,0.9972827557661369,6.217802086811364,0.6307937598397785
0.013047694954926352,0.9974656709537021,6.800629033770318,0.6010724122139873
0.011033717529042244,0.9975228679374184,6.3915076696427295,0.631485037522711
0.010836737856540284,0.9975787263113977,6.5321140410000655,0.6308759745357443
0.00861173329634902,0.9983813091527143,6.285339276538694,0.6299851735110326
0.007441368929366279,0.998790280285637,6.2688706878104234,0.6308229128227035
0.008321531929234868,0.9985571550850347,6.575523350027106,0.6290817056818263
0.008077888301901346,0.998490026409542,6.521641966328175,0.6321781288107831
0.009578582950276141,0.9978157585194013,6.673153854268964,0.6226641344577213
0.011202086226944066,0.9980129162554646,5.476335117643547,0.6606123941449659
0.014583491553002785,0.9970947718008456,6.675404998469707,0.6186206932870174
0.01030100114875313,0.9977695330962186,6.436663281634995,0.6321126970972909
0.010284956817037373,0.997992622695684,6.3647005629855595,0.6409482946367937
0.008997903436071122,0.9981223391788886,6.475964088332658,0.6345008058312382
0.008681834334497856,0.9981140005138087,6.062378187934382,0.6508125023072183
0.0064719299529108505,0.9988716086389404,7.1339889630202356,0.6261817775575468
0.009598416164272941,0.9980148914420773,5.775395199686421,0.6492851384614211
0.009394130680260567,0.9980079512415729,6.90499431764136,0.6241820338950574
0.00836413460059631,0.9980660769829327,6.671214144313225,0.6325174567209586
0.0058993974959873656,0.9989901411717418,6.522016297865699,0.6272754193745388
0.008332899674719335,0.9979534289242886,5.874903345165506,0.6419919100259432
0.006342017793639031,0.9986921921528322,6.811950140470671,0.6216122626934992
0.004717104365689713,0.9992954257358247,6.899093900161749,0.6204228664282376
0.006089867033455753,0.9986754108825783,6.815582576550935,0.6174643849139252
0.005965164450481304,0.9988520160740259,6.444349105792048,0.642098988938187
0.005610833371259413,0.9990094109356374,6.612731595267345,0.623342328303021
0.006546453842527798,0.9985513169198023,6.750568257129159,0.6254106635267406
0.005734514668760979,0.9983482795241695,6.975830137514119,0.6096502103295691
0.008774320179319903,0.9980206848608495,6.1877072852699095,0.650777825255075
0.00783913892530303,0.9980470408745593,7.054140529080824,0.6318093176241073
0.006489543466877032,0.998572245656495,7.079544904769401,0.6110234319141422
0.006631201079281905,0.9989301441756856,6.788426182939615,0.6307815300105112
0.005798979444463952,0.9988750784393898,6.667257115849533,0.6448918127467594
0.006181728836681304,0.9986029625929308,7.493532094767698,0.6108867460141774
0.008821716503923287,0.9983916254268433,6.896491772393809,0.6250765218725549
0.0244378138398915,0.9942710585342167,5.805212720516169,0.6662290143718823
0.033387498698357325,0.9924679265263848,6.256595036838848,0.6242678194223249
0.11811471851104807,0.9783832916369647,8.375289313138945,0.6094526907661527
0.3610137632745041,0.9313243739724582,3.662385013123601,0.6773745071245583
0.39060910968268364,0.9171893383824211,5.880631226907058,0.6300540452946957
0.30101767282529385,0.9341998339352956,3.5999021988980213,0.6652662557371066
0.20321886539778525,0.9533178786115174,3.6792167690011954,0.6616173565571242
0.14942411343200757,0.9616769203074651,4.419979793568508,0.6487564824482633
0.14621751313350342,0.9665468619135646,5.648129413577149,0.6150982380446078
0.11303021133472853,0.9717952747617905,3.594930157981373,0.6728988946204947
0.09669711854489944,0.9787455316232759,4.666728954422469,0.637986525912129
0.07387544212580222,0.981403472534962,4.847312658749799,0.6402665396634317
0.05358146923143046,0.9873674553371293,4.69265295837528,0.6226806747748678
0.03447270164875137,0.9913461579298499,4.735772660287234,0.6322279468316288
0.025519812138117794,0.9938309149172349,4.281812601273392,0.6704708877944453
0.018825761491919963,0.9962081432761674,4.974847250072867,0.6378505621412259
0.024217753091013077,0.9937532135592007,5.011034121040169,0.642055714799127
0.024204243271614998,0.9943571858159491,5.337450098158031,0.6318024174523034
0.02024399918568043,0.9947787506935571,5.304359339096787,0.6321230163885945
0.01740899299650195,0.9961526670166746,4.729352977295964,0.6492708615949141
0.01649207944214819,0.9963953558609763,5.203381408692939,0.6413857578666585
